,Token,N_Ocorrencia,Length
0,sent,2,4
1,cail,1,4
2,birmd,1,5
3,youth,8,5
4,feel,1,4
5,bond,3,4
6,queen,25,5
7,room,1,4
8,handl,1,5
9,halfherbit,1,10
10,yea,1,3
11,counsellor,1,10
12,grudg,1,5
13,need,7,4
14,lancast,1,7
15,lodg,3,4
16,recompens,1,9
17,fleeti,1,6
18,claudio,6,7
19,crack,2,5
20,weighti,1,7
21,la,1,2
22,orlean,1,6
23,benefit,1,7
24,weight,1,6
25,bird,1,4
26,dullar,1,6
27,duti,4,4
28,matter,3,6
29,shrung,1,6
30,besid,2,5
31,let,46,3
32,furi,3,4
33,enfract,1,7
34,speakd,1,6
35,herbl,1,5
36,wife,14,4
37,awoment,1,7
38,knowledg,1,8
39,yut,1,3
40,peerl,1,5
41,consulblesd,1,11
42,errand,1,6
43,gate,3,4
44,begot,1,5
45,special,1,7
46,earthlygrudg,1,12
47,gentlenesso,1,11
48,shalt,4,5
49,bait,3,4
50,cheerli,1,7
51,first,30,5
52,longer,3,6
53,luciu,4,5
54,preserv,2,7
55,tush,1,4
56,hot,5,3
57,meel,1,4
58,shace,1,5
59,perfect,2,7
60,blind,4,5
61,toldst,1,6
62,whether,1,7
63,deceiv,1,6
64,vi,1,2
65,knowst,1,6
66,much,17,4
67,hield,1,5
68,frailti,1,7
69,void,2,4
70,soeth,1,5
71,warrior,2,7
72,conceal,1,7
73,conscienc,1,9
74,safe,4,4
75,wilder,1,6
76,see,46,3
77,everi,25,5
78,stock,4,5
79,dote,1,4
80,highdanger,1,10
81,calld,5,5
82,penit,1,5
83,accus,1,5
84,nobli,1,5
85,put,10,3
86,lift,3,4
87,annointd,1,8
88,withdraw,2,8
89,conclud,1,7
90,worst,2,5
91,puck,2,4
92,hap,1,3
93,lover,1,5
94,command,13,7
95,jealou,1,6
96,warrant,6,7
97,depart,1,6
98,john,19,4
99,blunt,3,5
100,perpressd,1,9
101,breath,7,6
102,heavier,1,7
103,white,1,5
104,simpl,2,5
105,mighti,4,6
106,shut,1,4
107,conist,1,6
108,run,9,3
109,plume,1,5
110,along,2,5
111,charm,1,5
112,languag,5,7
113,sulm,1,4
114,stoln,1,5
115,known,6,5
116,save,3,4
117,ephesu,1,6
118,feed,6,4
119,free,3,4
120,court,8,5
121,prospero,1,8
122,infurn,1,6
123,cassiu,13,6
124,visag,1,5
125,ctediou,1,7
126,besom,1,5
127,sitmis,1,6
128,stand,13,5
129,clown,5,5
130,challeng,1,8
131,agre,1,4
132,welcom,6,6
133,tom,2,3
134,frower,1,6
135,spastial,1,8
136,filth,1,5
137,fear,15,4
138,vouch,1,5
139,enter,1,5
140,fine,2,4
141,pitch,1,5
142,reckon,1,6
143,art,20,3
144,uncl,3,4
145,bosom,6,5
146,cover,1,5
147,drunk,4,5
148,beget,2,5
149,contend,1,7
150,crete,1,5
151,prison,1,6
152,puttanc,1,7
153,hell,6,4
154,grew,1,4
155,contempt,3,8
156,stomach,3,7
157,ingrat,1,6
158,rough,1,5
159,deadli,2,6
160,silent,2,6
161,hope,17,4
162,comfort,2,7
163,marri,11,5
164,brought,12,7
165,bruis,1,5
166,dispositiond,1,12
167,doublet,2,7
168,funtl,1,5
169,expos,2,5
170,suffer,5,6
171,malvolio,9,8
172,apemantu,1,8
173,crime,1,5
174,seen,7,4
175,blushd,1,6
176,mortifi,1,7
177,robbd,1,5
178,directli,1,8
179,jade,1,4
180,woe,4,3
181,stain,2,5
182,assum,1,5
183,tyranni,2,7
184,sli,1,3
185,craft,1,5
186,wink,1,4
187,daylight,1,8
188,fortun,13,6
189,hark,3,4
190,remost,1,6
191,throne,3,6
192,teeth,2,5
193,killd,2,5
194,exampl,2,6
195,wayward,1,7
196,he,12,2
197,enviou,1,6
198,newhous,1,7
199,hath,52,4
200,demur,1,5
201,oerwak,1,6
202,seven,1,5
203,peac,17,4
204,accept,1,6
205,whilst,4,6
206,bearst,1,6
207,spare,2,5
208,still,8,5
209,moonshin,1,8
210,babe,1,4
211,met,4,3
212,cymbelin,2,8
213,german,1,6
214,princess,1,8
215,prefer,1,6
216,foin,1,4
217,treacher,1,8
218,neer,4,4
219,gremio,1,6
220,crimson,1,7
221,heir,1,4
222,unspeak,1,7
223,arm,17,3
224,bless,8,5
225,trencher,1,8
226,outrag,1,6
227,kent,5,4
228,kingdom,11,7
229,chanc,2,5
230,grove,1,5
231,lieg,2,4
232,wretched,2,8
233,exploit,1,7
234,lucio,1,5
235,siciniu,4,7
236,quickli,4,7
237,deathliv,1,8
238,child,10,5
239,strumpet,3,8
240,book,4,4
241,twice,2,5
242,bequeathd,1,9
243,corn,1,4
244,offer,6,5
245,acquaint,1,8
246,judgment,7,8
247,messeng,4,7
248,importunit,1,10
249,shore,2,5
250,salarino,2,8
251,disclos,2,7
252,chast,2,5
253,lawyer,1,6
254,defend,5,6
255,chafe,2,5
256,other,2,5
257,prologu,1,7
258,deboth,1,6
259,fuver,1,5
260,examin,1,6
261,news,3,4
262,withal,2,6
263,consont,1,7
264,silken,1,6
265,carv,1,4
266,drink,4,5
267,laert,1,5
268,boar,1,4
269,signior,1,7
270,welldiscret,1,11
271,pageant,2,7
272,discredit,2,9
273,armardo,1,7
274,neighbour,1,9
275,venom,1,5
276,steed,2,5
277,show,12,4
278,viola,2,5
279,renown,1,6
280,behind,7,6
281,fer,1,3
282,fouth,1,5
283,love,48,4
284,rude,2,4
285,lo,1,2
286,wish,5,4
287,abid,1,4
288,enemi,9,5
289,elizabeth,1,9
290,suit,5,4
291,dotag,1,5
292,stretch,1,7
293,cross,2,5
294,jessica,2,7
295,unitanc,1,7
296,becom,3,5
297,octaviu,6,7
298,inquir,1,6
299,adder,1,5
300,horsessweet,1,11
301,maid,5,4
302,may,28,3
303,bisk,1,4
304,poor,21,4
305,suffoc,1,6
306,truth,3,5
307,v,6,1
308,orth,1,4
309,envi,3,4
310,case,4,4
311,rust,2,4
312,unstayd,1,7
313,attor,1,5
314,anger,2,5
315,move,4,4
316,answerd,1,7
317,marshal,1,7
318,tobi,2,4
319,longest,2,7
320,gloucest,13,8
321,realm,3,5
322,dare,6,4
323,forti,1,5
324,wroughtst,1,9
325,ballant,1,7
326,alik,1,4
327,seet,2,4
328,straind,1,7
329,nurs,6,4
330,leawer,1,6
331,troth,5,5
332,cast,3,4
333,crown,5,5
334,paint,2,5
335,wheat,2,5
336,friar,1,5
337,likewis,1,7
338,armado,1,6
339,play,6,4
340,mutini,1,6
341,side,2,4
342,noticili,1,8
343,industri,1,8
344,melodi,1,6
345,stephano,2,8
346,tread,1,5
347,pretti,1,6
348,high,8,4
349,trembl,1,6
350,taen,2,4
351,thaisa,1,6
352,trinculo,3,8
353,sonend,1,6
354,grey,2,4
355,twelvemonth,1,11
356,butcher,1,7
357,imogen,3,6
358,pleaseth,1,8
359,protector,1,9
360,parti,6,5
361,whose,19,5
362,win,1,3
363,bertram,3,7
364,chain,3,5
365,harmoni,1,7
366,sack,1,4
367,banquo,2,6
368,phoetician,1,10
369,fableservic,1,11
370,disposit,1,8
371,inkli,1,5
372,asugn,1,5
373,form,1,4
374,upon,33,4
375,juno,1,4
376,instant,1,7
377,sunday,1,6
378,husband,19,7
379,us,2,2
380,chose,1,5
381,fiend,1,5
382,camest,1,6
383,infus,1,5
384,orland,1,6
385,injuri,3,6
386,vast,1,4
387,claudiu,3,7
388,fled,3,4
389,amiti,1,5
390,snall,1,5
391,gambon,1,6
392,grave,3,5
393,salt,1,4
394,undirect,1,8
395,undernear,1,9
396,bulli,1,5
397,singular,1,8
398,volumnia,2,8
399,inli,1,4
400,befeen,1,6
401,wondrou,1,7
402,fie,3,3
403,sose,1,4
404,cotmus,1,6
405,imagin,1,6
406,petti,1,5
407,agent,1,5
408,took,6,4
409,yield,2,5
410,dunghil,1,7
411,conslip,1,7
412,cinna,2,5
413,hurt,1,4
414,doubtless,1,9
415,humphrey,2,8
416,provok,1,6
417,claim,1,5
418,jolt,1,4
419,gener,5,5
420,uncalld,1,7
421,aumerl,2,6
422,astempt,1,7
423,transgorm,1,9
424,sleepi,1,6
425,coat,2,4
426,abhorrd,1,7
427,short,4,5
428,throic,1,6
429,remov,1,5
430,middl,1,5
431,thorough,1,8
432,faction,1,7
433,oclock,1,6
434,descript,2,8
435,commit,1,6
436,drows,1,5
437,equiniu,1,7
438,drum,2,4
439,sit,9,3
440,inclin,1,6
441,herd,1,4
442,taodless,1,8
443,remors,1,6
444,battl,2,5
445,addit,1,5
446,cassio,2,6
447,fling,1,5
448,durish,1,6
449,toild,1,5
450,debtor,1,6
451,fellow,17,6
452,moment,2,6
453,debour,1,6
454,seemd,1,5
455,nether,1,6
456,seem,15,4
457,secret,2,6
458,kneel,2,5
459,compani,3,7
460,whet,1,4
461,bend,2,4
462,bad,3,3
463,gracious,1,8
464,merri,3,5
465,rid,1,3
466,tybalt,1,6
467,river,1,5
468,leisur,2,6
469,interpret,1,9
470,departur,1,8
471,nake,1,4
472,submiss,1,7
473,fown,1,4
474,contrari,1,8
475,smock,1,5
476,separ,1,5
477,overpreseld,1,11
478,diet,1,4
479,entertaind,1,10
480,shrift,1,6
481,warwick,5,7
482,undoublet,1,9
483,elderkin,1,8
484,disfair,1,7
485,imperi,1,6
486,worm,1,4
487,frond,1,5
488,bow,1,3
489,washd,1,5
490,abus,3,4
491,partli,1,6
492,habit,2,5
493,grazm,1,5
494,cri,6,3
495,varro,1,5
496,lysand,1,6
497,amongst,1,7
498,contriv,1,7
499,trifl,3,5
500,chaft,1,5
501,swain,1,5
502,pawn,1,4
503,cowardi,1,7
504,rape,1,4
505,temper,1,6
506,man,43,3
507,conceiv,1,7
508,tost,1,4
509,opinion,4,7
510,dissentur,1,9
511,summer,1,6
512,distract,2,8
513,avoid,2,5
514,assembl,1,7
515,unrock,1,6
516,earli,2,5
517,robe,1,4
518,thing,17,5
519,lightli,1,7
520,dish,3,4
521,norfolk,9,7
522,falstaff,8,8
523,poin,1,4
524,couchd,1,6
525,wageri,1,6
526,drawn,1,5
527,prescript,1,9
528,penalti,2,7
529,work,3,4
530,partner,1,7
531,demetriu,2,8
532,cybbelin,1,8
533,swearst,1,7
534,sooner,4,6
535,prayd,1,5
536,fatenot,1,7
537,charg,7,5
538,armd,1,4
539,tot,3,3
540,trup,1,4
541,gage,1,4
542,restrain,3,8
543,linger,1,6
544,round,1,5
545,betim,1,5
546,chamberlain,1,11
547,shameless,1,9
548,gilti,1,5
549,liar,1,4
550,beggd,4,5
551,nobleman,1,8
552,sure,4,4
553,slip,1,4
554,servingman,6,10
555,ceas,5,4
556,snaverd,1,7
557,field,6,5
558,shoe,1,4
559,bolingbrok,3,10
560,turnd,1,5
561,selld,1,5
562,pent,1,4
563,hemn,1,4
564,crimon,1,6
565,raf,1,3
566,current,1,7
567,scotland,1,8
568,countess,4,8
569,performd,4,8
570,firm,1,4
571,civil,2,5
572,todi,1,4
573,hat,1,3
574,audit,1,5
575,euphin,1,6
576,filthi,1,6
577,ariel,1,5
578,coupl,1,5
579,jealous,1,7
580,best,6,4
581,inde,8,4
582,truft,1,5
583,talbot,9,6
584,estiff,1,6
585,dot,2,3
586,unless,4,6
587,wrought,3,7
588,tetl,1,4
589,lament,4,6
590,steel,3,5
591,determin,2,8
592,cuttanc,1,7
593,obsurd,1,6
594,afford,1,6
595,outsag,1,6
596,oberon,1,6
597,pice,1,4
598,untel,1,5
599,shine,2,5
600,despis,3,6
601,bring,11,5
602,beam,1,4
603,lear,7,4
604,doubl,2,5
605,forfirm,1,7
606,plot,2,4
607,smwell,1,6
608,tilt,1,4
609,york,17,4
610,suppli,1,6
611,lichard,1,7
612,milan,1,5
613,fement,1,6
614,iwar,1,4
615,acid,1,4
616,satisfi,2,7
617,nhambl,1,6
618,what,3,4
619,bitter,2,6
620,hung,2,4
621,tailor,1,6
622,pa,2,2
623,doe,1,3
624,benedick,2,8
625,knife,1,5
626,ampl,1,4
627,parent,1,6
628,ha,6,2
629,giddi,2,5
630,brawl,1,5
631,copperd,1,7
632,vexd,1,4
633,joint,1,5
634,dissembl,1,8
635,bone,1,4
636,wild,1,4
637,losta,1,5
638,mother,10,6
639,straight,7,8
640,long,7,4
641,step,1,4
642,eloqu,1,5
643,polici,1,6
644,weeder,1,6
645,sail,1,4
646,vantag,1,6
647,contain,1,7
648,patient,3,7
649,assur,2,5
650,monarch,1,7
651,guistur,1,7
652,displac,1,7
653,list,1,4
654,rest,5,4
655,accord,1,6
656,isemoni,1,7
657,rememberd,1,9
658,estim,1,5
659,born,9,4
660,space,2,5
661,morn,1,4
662,hors,6,4
663,shortli,1,7
664,lord,90,4
665,argument,1,8
666,star,5,4
667,choos,1,5
668,dota,1,4
669,soothsay,1,8
670,reason,8,6
671,proclam,1,7
672,prophet,1,7
673,life,23,4
674,eless,1,5
675,name,18,4
676,orlando,1,7
677,perishd,1,7
678,stoppd,1,6
679,nickli,1,6
680,pant,1,4
681,innoc,3,5
682,thunder,1,7
683,sorrow,4,6
684,nod,1,3
685,citi,8,4
686,tell,28,4
687,action,6,6
688,melt,3,4
689,fetch,1,5
690,say,48,3
691,emilia,6,6
692,noth,6,4
693,ennear,1,6
694,stabbd,1,6
695,mark,14,4
696,bastard,3,7
697,torcher,1,7
698,even,19,4
699,prove,11,5
700,angri,3,5
701,troubl,1,6
702,justli,1,6
703,game,1,4
704,loll,1,4
705,pirat,2,5
706,suitor,1,6
707,packet,1,6
708,milford,1,7
709,woo,1,3
710,toad,1,4
711,confus,1,6
712,approach,1,8
713,conflunct,1,9
714,capon,1,5
715,intapercaval,1,12
716,garment,1,7
717,bowl,1,4
718,black,3,5
719,shake,4,5
720,fare,2,4
721,voic,3,4
722,head,21,4
723,seenst,1,6
724,likey,1,5
725,portial,1,7
726,unwel,1,5
727,prize,1,5
728,shouldst,4,8
729,conveni,1,7
730,fire,7,4
731,walrer,1,6
732,dearerstal,1,10
733,banishd,2,7
734,yet,31,3
735,said,10,4
736,loyalti,1,7
737,rather,10,6
738,drive,2,5
739,air,7,3
740,deliv,6,5
741,buy,2,3
742,light,5,5
743,favour,2,6
744,achil,2,5
745,absolut,1,7
746,destruct,1,8
747,earth,8,5
748,host,3,4
749,wellmet,1,7
750,part,17,4
751,meek,1,4
752,either,3,6
753,knoplesoldi,1,11
754,wisdom,2,6
755,perdut,1,6
756,might,15,5
757,vengeanc,2,8
758,sort,1,4
759,bodi,8,4
760,tast,4,4
761,folli,2,5
762,slire,1,5
763,fruit,1,5
764,pay,4,3
765,hasti,1,5
766,glumber,1,7
767,bohemia,1,7
768,tale,3,4
769,drunken,1,7
770,slaver,1,6
771,widow,3,5
772,bridal,1,6
773,impeopl,1,7
774,katharina,1,9
775,princ,15,5
776,brutu,21,5
777,adversaryday,1,12
778,futur,1,5
779,pun,1,3
780,aunt,2,4
781,cloak,1,5
782,glim,1,4
783,sternli,1,7
784,heat,2,4
785,want,2,4
786,familiar,2,8
787,hospish,1,7
788,speak,32,5
789,medri,1,5
790,ravenshead,1,10
791,taze,1,4
792,fever,2,5
793,sever,7,5
794,ild,1,3
795,infurnish,1,9
796,guiltless,1,9
797,madder,1,6
798,cap,1,3
799,good,73,4
800,though,15,6
801,whereof,1,7
802,foot,6,4
803,scing,1,5
804,dpunishd,1,8
805,letter,7,6
806,sworn,2,5
807,studi,2,5
808,ender,1,5
809,custom,2,6
810,ducat,1,5
811,sometim,4,7
812,honesti,2,7
813,shown,1,5
814,proteu,1,6
815,potent,2,6
816,dionyza,1,7
817,thousand,5,8
818,hatch,1,5
819,motiv,1,5
820,death,25,5
821,strict,1,6
822,profan,2,6
823,heav,1,4
824,music,3,5
825,blow,2,4
826,highest,1,7
827,dread,1,5
828,loyal,3,5
829,basket,2,6
830,outward,2,7
831,confid,2,6
832,voicehi,1,7
833,seeth,1,5
834,sport,6,5
835,lethu,1,5
836,ground,15,6
837,tuke,1,4
838,sweetlik,1,8
839,arous,1,5
840,commend,3,7
841,seat,4,4
842,marciu,2,6
843,yare,1,4
844,tram,1,4
845,piec,4,4
846,gentl,7,5
847,hunter,1,6
848,curs,2,4
849,lie,14,3
850,mortal,1,6
851,wash,2,4
852,countenanc,1,10
853,fairnak,1,7
854,brimfib,1,7
855,wilt,6,4
856,sockcriff,1,9
857,courtfrail,1,10
858,doubt,4,5
859,lieuten,1,7
860,blush,2,5
861,enamounc,1,8
862,view,2,4
863,diomed,1,6
864,trumpet,5,7
865,git,1,3
866,assist,1,6
867,forlorn,1,7
868,hairkil,1,7
869,patroclu,1,8
870,propar,1,6
871,fix,3,3
872,godli,1,5
873,audient,1,7
874,greater,3,7
875,april,1,5
876,oft,2,3
877,iago,7,4
878,disabl,1,6
879,autolycu,1,8
880,year,4,4
881,reverend,1,8
882,ferdinand,1,9
883,trust,4,5
884,alban,1,5
885,surveyor,1,8
886,obeyd,1,5
887,seek,2,4
888,heel,3,4
889,bed,9,3
890,saturnin,2,8
891,eas,1,3
892,royal,6,5
893,firmlyrot,1,9
894,scantat,1,7
895,cardin,2,6
896,chair,2,5
897,glori,2,5
898,beguil,3,6
899,flitteri,1,8
900,wert,2,4
901,weav,2,4
902,provost,4,7
903,load,1,4
904,abhorson,1,8
905,panish,1,6
906,gilt,1,4
907,senseless,1,9
908,alarum,1,6
909,profess,3,7
910,oword,1,5
911,titl,6,4
912,add,3,3
913,endur,1,5
914,stolen,1,6
915,chase,1,5
916,door,2,4
917,propos,2,6
918,marcu,2,5
919,detect,1,6
920,questiond,1,9
921,tree,2,4
922,murder,15,6
923,give,33,4
924,garland,1,7
925,bawdi,1,5
926,whip,1,4
927,vessel,1,6
928,incur,1,5
929,needst,2,6
930,gentli,1,6
931,duppd,1,5
932,hammer,1,6
933,untot,1,5
934,scourg,1,6
935,pompey,3,6
936,peer,7,4
937,pray,17,4
938,traverl,1,7
939,find,12,4
940,mood,2,4
941,expens,1,6
942,bare,2,4
943,treacheri,1,9
944,porter,1,6
945,poisond,1,7
946,within,5,6
947,viii,2,4
948,exclaim,1,7
949,desir,13,5
950,merili,1,6
951,wit,4,3
952,stuffd,1,6
953,epithe,1,6
954,corag,1,5
955,daili,1,5
956,next,2,4
957,dear,6,4
958,port,2,4
959,world,17,5
960,extempor,1,8
961,fail,2,4
962,precis,1,6
963,fill,1,4
964,daugla,1,6
965,joy,7,3
966,articl,1,6
967,stay,10,4
968,farther,1,7
969,everthrow,1,9
970,occas,2,5
971,marcellu,1,8
972,idl,1,3
973,choke,3,5
974,brain,3,5
975,sold,1,4
976,befal,1,5
977,ran,1,3
978,enforc,1,6
979,compexar,1,8
980,guess,1,5
981,wanton,3,6
982,charact,2,7
983,chreek,1,6
984,wape,1,4
985,lack,1,4
986,live,10,4
987,certainri,1,9
988,spring,2,6
989,modest,1,6
990,earthli,1,7
991,maletr,1,6
992,caesar,15,6
993,prevaild,1,8
994,baptista,1,8
995,rome,7,4
996,clother,1,7
997,fenc,2,4
998,solemn,4,6
999,stafford,2,8
1000,fast,3,4
1001,voac,1,4
1002,instruct,2,8
1003,stroke,4,6
1004,wholesom,1,8
1005,shower,2,6
1006,bedford,1,7
1007,brother,15,7
1008,lop,1,3
1009,followd,3,7
1010,slept,2,5
1011,brabbl,1,6
1012,thorn,2,5
1013,soldier,8,7
1014,flame,1,5
1015,tarri,2,5
1016,could,22,5
1017,jew,1,3
1018,torn,1,4
1019,spoke,2,5
1020,rosalin,2,7
1021,men,25,3
1022,ill,49,3
1023,scant,1,5
1024,fault,8,5
1025,thrown,1,6
1026,crownd,1,6
1027,observ,3,6
1028,steal,4,5
1029,malici,1,6
1030,bondl,1,5
1031,mamber,1,6
1032,torch,1,5
1033,fals,4,4
1034,get,3,3
1035,half,6,4
1036,mardi,1,5
1037,forehead,2,8
1038,unquiet,1,7
1039,gaunt,2,5
1040,gentleman,20,9
1041,monster,1,7
1042,valentin,6,8
1043,titanu,1,6
1044,maiden,3,6
1045,correct,3,7
1046,fent,1,4
1047,easest,1,6
1048,edward,2,6
1049,melancholi,1,10
1050,grace,23,5
1051,sir,67,3
1052,pipe,1,4
1053,portent,1,7
1054,repent,2,6
1055,amor,1,4
1056,style,1,5
1057,provid,4,6
1058,educ,1,4
1059,legion,1,6
1060,consumpt,1,8
1061,luggag,1,6
1062,nay,7,3
1063,oer,3,3
1064,valant,1,6
1065,midst,1,5
1066,sea,8,3
1067,chiron,1,6
1068,exceed,1,6
1069,vow,1,3
1070,bid,5,3
1071,tribun,2,6
1072,hugh,4,4
1073,oswald,2,6
1074,countli,1,7
1075,wear,10,4
1076,measur,5,6
1077,publicli,1,8
1078,belch,2,5
1079,pillow,1,6
1080,offic,6,5
1081,draught,1,7
1082,famish,1,6
1083,tomb,1,4
1084,cronk,1,5
1085,subject,4,7
1086,protect,1,7
1087,huntingman,1,10
1088,blab,1,4
1089,durst,1,5
1090,leav,10,4
1091,two,15,3
1092,restraint,1,9
1093,defil,1,5
1094,launc,1,5
1095,trial,1,5
1096,peter,1,5
1097,near,2,4
1098,undergoss,1,9
1099,compict,1,7
1100,post,2,4
1101,dismal,1,6
1102,woman,11,5
1103,wors,2,4
1104,shame,4,5
1105,foul,6,4
1106,worthi,2,6
1107,roman,2,5
1108,respect,4,7
1109,auvergn,1,7
1110,revel,1,5
1111,bethemlo,1,8
1112,raffet,1,6
1113,line,3,4
1114,stoni,1,5
1115,speech,3,6
1116,back,11,4
1117,tide,3,4
1118,falcon,1,6
1119,shrewsburi,1,10
1120,third,8,5
1121,christend,1,9
1122,sad,5,3
1123,inkind,1,6
1124,cousin,7,6
1125,whenc,1,5
1126,laugh,1,5
1127,angel,1,5
1128,comprev,1,7
1129,dead,11,4
1130,renish,1,6
1131,seald,1,5
1132,diunder,1,7
1133,one,34,3
1134,le,3,2
1135,everyth,1,7
1136,thread,1,6
1137,canst,2,5
1138,lend,1,4
1139,bianca,1,6
1140,appear,8,6
1141,adam,1,4
1142,hither,3,6
1143,terribl,1,7
1144,dimmd,1,5
1145,embol,1,5
1146,day,37,3
1147,cressid,2,7
1148,common,4,6
1149,banish,4,6
1150,lightpouch,1,10
1151,sole,1,4
1152,march,1,5
1153,flight,1,6
1154,orsino,1,6
1155,lullabi,1,7
1156,ship,3,4
1157,stinf,1,5
1158,ned,1,3
1159,prepar,4,6
1160,betray,1,6
1161,nose,1,4
1162,inserv,1,6
1163,address,2,7
1164,conquer,3,7
1165,romeo,5,5
1166,unground,1,8
1167,srancest,1,8
1168,horribl,2,7
1169,heard,9,5
1170,salanio,1,7
1171,ask,3,3
1172,mistress,8,8
1173,whole,2,5
1174,qualifi,1,7
1175,unroar,1,6
1176,countryman,1,10
1177,haild,1,5
1178,huge,1,4
1179,conduct,3,7
1180,falln,2,5
1181,misbeliev,1,9
1182,thinkst,1,7
1183,baser,1,5
1184,prithe,6,6
1185,flower,4,6
1186,gallant,6,7
1187,tranio,3,6
1188,popen,1,5
1189,importun,1,8
1190,marriag,5,7
1191,bear,20,4
1192,soft,3,4
1193,gageou,1,6
1194,knit,1,4
1195,terror,4,6
1196,stod,1,4
1197,worthier,1,8
1198,mrustanc,1,8
1199,hoe,1,3
1200,wrongd,1,6
1201,none,8,4
1202,agamemnon,1,9
1203,fermin,1,6
1204,dearli,2,6
1205,beyond,3,6
1206,womb,1,4
1207,savag,1,5
1208,cort,1,4
1209,prayer,4,6
1210,leonato,3,7
1211,green,2,5
1212,ford,3,4
1213,courtesi,2,8
1214,prevail,1,7
1215,person,4,6
1216,stray,1,5
1217,absenc,3,6
1218,forth,4,5
1219,page,11,4
1220,nois,1,4
1221,rutland,2,7
1222,three,10,5
1223,breathinggild,1,13
1224,aid,1,3
1225,charmian,4,8
1226,togeth,12,6
1227,alexand,2,7
1228,lobe,1,4
1229,henri,16,5
1230,welkin,1,6
1231,distinct,1,8
1232,triumphant,1,10
1233,apparel,1,7
1234,outliv,2,6
1235,nephew,3,6
1236,region,1,6
1237,weighd,1,6
1238,armi,9,4
1239,jollofid,1,8
1240,taller,1,6
1241,templ,3,5
1242,recreantli,1,10
1243,led,1,3
1244,ireland,1,7
1245,lap,1,3
1246,fallend,1,7
1247,choler,1,6
1248,held,1,4
1249,slave,2,5
1250,beggar,5,6
1251,fairli,1,6
1252,plagu,1,5
1253,carriag,1,7
1254,murderd,1,7
1255,wine,1,4
1256,plain,1,5
1257,bud,2,3
1258,rain,1,4
1259,guest,1,5
1260,beach,1,5
1261,english,5,7
1262,hundr,3,5
1263,cleopatra,11,9
1264,slain,1,5
1265,bassanio,3,8
1266,fad,1,3
1267,tew,1,3
1268,gladli,1,6
1269,mattl,1,5
1270,dy,1,2
1271,mistook,1,7
1272,estat,2,5
1273,edg,2,3
1274,andronicu,5,9
1275,gainst,4,6
1276,dustconfound,1,12
1277,cressida,7,8
1278,angelo,7,6
1279,vineyard,1,8
1280,hoist,1,5
1281,abl,1,3
1282,help,5,4
1283,conusteri,1,9
1284,score,1,5
1285,troilu,10,6
1286,month,1,5
1287,ope,1,3
1288,greatli,1,7
1289,antonio,5,7
1290,profit,2,6
1291,dedic,1,5
1292,ingeni,2,6
1293,terman,1,6
1294,someth,6,6
1295,costli,1,6
1296,citizen,6,7
1297,effect,4,6
1298,hollow,2,6
1299,encount,2,7
1300,esteem,1,6
1301,redress,1,7
1302,ambit,1,5
1303,drift,1,5
1304,damnd,2,5
1305,eightingli,1,10
1306,mornal,1,6
1307,undon,1,5
1308,ane,1,3
1309,amplement,1,9
1310,int,2,3
1311,eveng,1,5
1312,rage,2,4
1313,poetri,1,6
1314,law,3,3
1315,shippu,1,6
1316,thi,96,3
1317,bedright,1,8
1318,fe,1,2
1319,helena,2,6
1320,discret,1,7
1321,monour,1,6
1322,athallot,1,8
1323,breast,4,6
1324,without,18,7
1325,place,10,5
1326,natur,8,5
1327,glove,2,5
1328,physic,1,6
1329,necessari,1,9
1330,nut,1,3
1331,catch,2,5
1332,fland,1,5
1333,heed,3,4
1334,milthi,1,6
1335,ophelia,3,7
1336,bewitchd,1,8
1337,cours,2,5
1338,wateri,1,6
1339,ax,1,2
1340,hamlet,3,6
1341,antoniu,1,7
1342,hair,3,4
1343,ambiti,1,6
1344,obser,1,5
1345,gloss,1,5
1346,pixtur,1,6
1347,face,16,4
1348,toe,2,3
1349,glad,5,4
1350,differ,2,6
1351,privi,1,5
1352,fond,1,4
1353,breedingwomen,1,13
1354,belong,1,6
1355,th,1,2
1356,walk,5,4
1357,eight,1,5
1358,spleen,1,6
1359,past,5,4
1360,weak,3,4
1361,remuner,1,7
1362,coin,1,4
1363,contru,1,6
1364,swear,14,5
1365,consum,1,6
1366,larg,1,4
1367,bullset,1,7
1368,deputi,3,6
1369,forestem,1,8
1370,hear,22,4
1371,stake,1,5
1372,cloten,1,6
1373,shepherd,5,8
1374,touch,2,5
1375,mean,8,4
1376,chang,4,5
1377,speedshrewd,1,11
1378,showledg,1,8
1379,mouth,8,5
1380,tongu,8,5
1381,wretch,1,6
1382,suffolk,4,7
1383,huntr,1,5
1384,jealousi,1,8
1385,theyr,2,5
1386,remembr,2,7
1387,lusti,2,5
1388,bitterli,1,8
1389,buri,1,4
1390,scurvi,1,6
1391,lather,1,6
1392,wedg,1,4
1393,dog,2,3
1394,branch,3,6
1395,presenc,1,7
1396,induc,2,5
1397,pricketh,1,8
1398,vision,1,6
1399,shourd,1,6
1400,caught,1,6
1401,vassal,1,6
1402,alon,6,4
1403,rivel,1,5
1404,sale,1,4
1405,ventidiu,2,8
1406,pack,1,4
1407,coldbelli,1,9
1408,woundeth,1,8
1409,u,41,1
1410,permit,1,6
1411,groan,1,5
1412,minut,4,5
1413,de,1,2
1414,rue,1,3
1415,selfsweet,1,9
1416,cobweb,1,6
1417,drame,1,5
1418,rudesti,1,7
1419,trueh,1,5
1420,advers,1,6
1421,harm,2,4
1422,snown,1,5
1423,wall,4,4
1424,land,5,4
1425,lay,8,3
1426,belariu,1,7
1427,savantri,1,8
1428,got,6,3
1429,compound,1,8
1430,tri,2,3
1431,recoveri,1,8
1432,devic,1,5
1433,unfriend,1,8
1434,exet,1,4
1435,pindaru,1,7
1436,hast,23,4
1437,health,2,6
1438,use,9,3
1439,mortali,1,7
1440,gift,1,4
1441,ruin,1,4
1442,england,5,7
1443,continu,1,7
1444,four,2,4
1445,hire,1,4
1446,hunt,1,4
1447,rank,4,4
1448,rhing,1,5
1449,writ,1,4
1450,tarriag,1,7
1451,execution,1,9
1452,indign,1,6
1453,overfoold,1,9
1454,eeard,1,5
1455,think,25,5
1456,defund,1,6
1457,throat,1,6
1458,sall,1,4
1459,request,3,7
1460,storm,1,5
1461,depend,2,6
1462,slender,2,7
1463,staff,1,5
1464,hern,1,4
1465,owe,3,3
1466,young,6,5
1467,twa,3,3
1468,confess,4,7
1469,bent,1,4
1470,vernon,1,6
1471,colour,2,6
1472,sacr,3,4
1473,sgriev,1,6
1474,luckless,1,8
1475,messag,1,6
1476,pear,1,4
1477,must,39,4
1478,satisfact,1,9
1479,thine,12,5
1480,forsooth,2,8
1481,hole,1,4
1482,drug,1,4
1483,behavior,2,8
1484,cold,5,4
1485,anoth,12,5
1486,contempl,1,8
1487,arrayd,1,6
1488,stone,3,5
1489,thee,84,4
1490,expedit,2,7
1491,beximpt,1,7
1492,robin,1,5
1493,heap,1,4
1494,bame,1,4
1495,sank,1,4
1496,mine,21,4
1497,trazard,1,7
1498,leaden,1,6
1499,robber,1,6
1500,affair,3,6
1501,killst,1,6
1502,clamor,1,6
1503,implandag,1,9
1504,wale,1,4
1505,circumst,3,8
1506,iii,3,3
1507,applement,1,9
1508,urg,1,3
1509,gonzalo,1,7
1510,nous,1,4
1511,convriti,1,8
1512,constort,1,8
1513,conjectur,1,9
1514,dost,8,4
1515,band,1,4
1516,surviv,1,6
1517,sovereignti,1,11
1518,freebookboy,1,11
1519,believ,4,6
1520,mantl,1,5
1521,sight,11,5
1522,canopi,1,6
1523,peep,2,4
1524,prey,1,4
1525,close,3,5
1526,meneniu,3,7
1527,also,1,4
1528,overreason,1,10
1529,tawni,1,5
1530,neither,3,7
1531,hud,1,3
1532,care,5,4
1533,bevi,1,4
1534,ad,2,2
1535,asham,1,5
1536,soul,15,4
1537,cur,4,3
1538,basi,1,4
1539,ancient,1,7
1540,reliev,1,6
1541,knee,3,4
1542,bactista,1,8
1543,thrifti,1,7
1544,state,6,5
1545,unmannd,1,7
1546,countri,3,7
1547,hecuba,1,6
1548,beseem,4,6
1549,gain,2,4
1550,frame,1,5
1551,evan,4,4
1552,theseu,1,6
1553,ti,25,2
1554,fashion,1,7
1555,laughman,1,8
1556,sweetest,1,8
1557,unmonsterd,1,10
1558,piti,5,4
1559,disgrac,1,7
1560,west,1,4
1561,wood,1,4
1562,left,6,4
1563,strain,2,6
1564,lege,2,4
1565,yesterday,1,9
1566,untold,1,6
1567,properti,1,8
1568,bill,3,4
1569,way,23,3
1570,regreet,1,7
1571,oerphysick,1,10
1572,wildiam,1,7
1573,bright,1,6
1574,crowd,1,5
1575,break,18,5
1576,biondello,1,9
1577,virtuou,4,7
1578,knight,2,6
1579,paish,1,5
1580,conveyd,2,7
1581,craveth,1,7
1582,cost,3,4
1583,conveyard,1,9
1584,thersit,1,7
1585,counten,1,7
1586,worth,2,5
1587,allow,1,5
1588,wait,3,4
1589,brutish,1,7
1590,fli,4,3
1591,pericl,2,6
1592,passag,1,6
1593,volscian,2,8
1594,brow,6,4
1595,protest,1,7
1596,pregnant,1,8
1597,fool,8,4
1598,goth,1,4
1599,ingl,1,4
1600,courag,2,6
1601,begun,1,5
1602,draw,3,4
1603,old,10,3
1604,dauphin,1,7
1605,deed,7,4
1606,deserv,3,6
1607,philosophi,2,10
1608,pandaru,3,7
1609,would,86,5
1610,church,1,6
1611,unweep,1,6
1612,simplic,1,7
1613,wretchd,1,7
1614,salisburi,2,9
1615,jove,1,4
1616,incens,1,6
1617,contemnd,1,8
1618,hotspur,1,7
1619,slow,2,4
1620,lendl,1,5
1621,poet,2,4
1622,callst,1,6
1623,senior,1,6
1624,servic,5,6
1625,bardolph,3,8
1626,wreck,1,5
1627,beautifi,1,8
1628,tame,2,4
1629,enrag,1,5
1630,bawd,3,4
1631,amaz,2,4
1632,confer,1,6
1633,decis,1,5
1634,herald,1,6
1635,richest,1,7
1636,bondmaid,1,8
1637,foe,2,3
1638,saint,4,5
1639,portia,1,6
1640,blame,3,5
1641,heag,1,4
1642,henc,5,4
1643,smallest,1,8
1644,amazedgo,1,8
1645,aboand,1,6
1646,els,6,3
1647,reynaldo,1,8
1648,duke,30,4
1649,pestil,1,6
1650,athenian,1,8
1651,romeri,1,6
1652,younger,1,7
1653,conceit,3,7
1654,better,9,6
1655,kindr,1,5
1656,dishonour,2,9
1657,shortest,1,8
1658,vile,6,4
1659,leman,1,5
1660,et,3,2
1661,motion,4,6
1662,twixt,2,5
1663,hate,3,4
1664,payment,1,7
1665,aro,1,3
1666,weddingbodi,1,11
1667,hail,1,4
1668,ear,8,3
1669,beer,1,4
1670,sweeter,1,7
1671,broke,4,5
1672,today,5,5
1673,requir,1,6
1674,razer,1,5
1675,clifford,2,8
1676,suve,1,4
1677,darest,2,6
1678,nomin,1,5
1679,almost,3,6
1680,hardli,1,6
1681,pot,1,3
1682,monder,1,6
1683,icad,1,4
1684,buckingham,3,10
1685,kiss,5,4
1686,consign,1,7
1687,outscorn,1,8
1688,travelld,1,8
1689,accid,1,5
1690,obtain,1,6
1691,tortur,1,6
1692,sinc,13,4
1693,beseech,3,7
1694,denilo,1,6
1695,mad,4,3
1696,thenc,2,5
1697,bick,1,4
1698,brookgast,1,9
1699,lip,1,3
1700,fawn,1,4
1701,madam,7,5
1702,sin,1,3
1703,sfellow,1,7
1704,privileg,1,8
1705,content,3,7
1706,grump,1,5
1707,new,5,3
1708,prodigi,1,7
1709,tower,4,5
1710,rascal,1,6
1711,partier,1,7
1712,condemn,1,7
1713,catesbi,1,7
1714,bleed,1,5
1715,reput,1,5
1716,sun,3,3
1717,pantion,1,7
1718,mirror,1,6
1719,true,29,4
1720,ade,1,3
1721,bought,1,6
1722,choic,2,5
1723,lordship,5,8
1724,earl,5,4
1725,miseri,1,6
1726,pisanio,2,7
1727,adventur,1,8
1728,stream,1,6
1729,sulrenc,1,7
1730,unhappi,3,7
1731,poloniu,1,7
1732,spent,3,5
1733,speedybirth,1,11
1734,mould,2,5
1735,deep,4,4
1736,joiner,1,6
1737,fair,29,4
1738,wither,2,6
1739,stir,3,4
1740,stop,3,4
1741,guid,2,4
1742,brist,1,5
1743,vacu,1,4
1744,nuptial,1,7
1745,ard,1,3
1746,phulish,1,7
1747,plant,2,5
1748,feebl,2,5
1749,philip,5,6
1750,impetit,1,7
1751,stackd,1,6
1752,orderli,1,7
1753,speechant,1,9
1754,fourth,1,6
1755,boy,16,3
1756,perchanc,1,8
1757,deni,3,4
1758,song,5,4
1759,oak,2,3
1760,order,3,5
1761,second,30,6
1762,rogu,1,4
1763,obedi,1,5
1764,fate,1,4
1765,brind,1,5
1766,kill,5,4
1767,handkerchief,1,12
1768,proceed,2,7
1769,wise,5,4
1770,lief,2,4
1771,pucel,1,5
1772,tent,4,4
1773,finish,1,6
1774,desert,2,6
1775,beaten,1,6
1776,awe,1,3
1777,tabl,2,4
1778,ah,2,2
1779,titania,1,7
1780,halfkind,1,8
1781,here,3,4
1782,bloodi,15,6
1783,confirm,1,7
1784,pisa,2,4
1785,birth,2,5
1786,schoolmast,2,10
1787,courtier,3,8
1788,quench,1,6
1789,stoop,1,5
1790,sebastian,2,9
1791,answer,6,6
1792,extrem,3,6
1793,slake,1,5
1794,kinnlamb,1,8
1795,danger,7,6
1796,methought,1,9
1797,cut,2,3
1798,emiti,1,5
1799,strangeday,1,10
1800,tamora,2,6
1801,bretagn,1,7
1802,paulina,1,7
1803,luciana,1,7
1804,disord,1,6
1805,babbl,1,5
1806,box,1,3
1807,fairest,1,7
1808,argo,1,4
1809,bestow,1,6
1810,consent,4,7
1811,villain,16,7
1812,dug,1,3
1813,portion,1,7
1814,lost,5,4
1815,thersitania,1,11
1816,late,4,4
1817,rang,1,4
1818,entranc,1,7
1819,roderigo,1,8
1820,gesti,1,5
1821,issu,2,4
1822,friendli,2,8
1823,varlet,2,6
1824,edmund,1,6
1825,obey,1,4
1826,surgeon,1,7
1827,singl,7,5
1828,pardon,6,6
1829,opend,1,5
1830,pro,1,3
1831,thoma,3,5
1832,practis,6,7
1833,votenard,1,8
1834,brightli,1,8
1835,hold,13,4
1836,treasur,1,7
1837,opposit,1,7
1838,weari,1,5
1839,raptur,1,6
1840,caus,13,4
1841,sink,1,4
1842,sheson,1,6
1843,ip,1,2
1844,awhil,5,5
1845,strength,6,8
1846,wed,1,3
1847,modesti,2,7
1848,thou,108,4
1849,publiu,1,6
1850,hubert,1,6
1851,faith,6,5
1852,gobl,1,4
1853,pistol,5,6
1854,mockd,1,5
1855,likest,1,6
1856,aim,3,3
1857,bound,3,5
1858,bell,2,4
1859,gold,12,4
1860,in,1,2
1861,start,1,5
1862,bret,1,4
1863,curser,1,6
1864,nove,1,4
1865,wondr,1,5
1866,grappl,1,6
1867,tiom,1,4
1868,twere,2,5
1869,adriano,1,7
1870,dowri,1,5
1871,five,2,4
1872,bald,2,4
1873,induct,1,6
1874,fit,6,3
1875,naughti,1,7
1876,knew,3,4
1877,demand,1,6
1878,deer,1,4
1879,cupbos,1,6
1880,messala,1,7
1881,flint,2,5
1882,stori,4,5
1883,aloud,1,5
1884,philomeliu,1,10
1885,chronic,1,7
1886,laurenc,1,7
1887,per,2,3
1888,blood,7,5
1889,meant,1,5
1890,great,28,5
1891,indiffer,1,8
1892,god,10,3
1893,twain,1,5
1894,forswear,3,8
1895,ingratitud,1,10
1896,breastbold,1,10
1897,attent,1,6
1898,purchas,2,7
1899,ajax,5,4
1900,ceremoni,1,8
1901,water,2,5
1902,nearer,1,6
1903,flow,1,4
1904,digniti,2,7
1905,holi,3,4
1906,wake,1,4
1907,chimney,1,7
1908,made,17,4
1909,gict,1,4
1910,discoveri,1,9
1911,votari,1,6
1912,succeed,2,7
1913,sailor,1,6
1914,leonin,1,6
1915,grow,3,4
1916,skare,1,5
1917,valiant,10,7
1918,promis,5,6
1919,dearest,2,7
1920,aloft,1,5
1921,georg,1,5
1922,partest,1,7
1923,clamour,1,7
1924,strike,2,6
1925,prensword,1,9
1926,empti,1,5
1927,cun,1,3
1928,proper,2,6
1929,wouldst,4,7
1930,station,1,7
1931,subdu,3,5
1932,chin,1,4
1933,fame,1,4
1934,cabrou,1,6
1935,wound,6,5
1936,labour,2,6
1937,far,2,3
1938,drop,4,4
1939,accis,1,5
1940,ake,1,3
1941,tend,2,4
1942,advis,1,5
1943,leg,5,3
1944,despit,1,6
1945,grant,4,5
1946,gadshil,1,7
1947,while,5,5
1948,everish,1,7
1949,shadow,6,6
1950,dismercis,1,9
1951,pain,3,4
1952,son,18,3
1953,friend,23,6
1954,therefor,22,8
1955,escalu,2,6
1956,burnt,1,5
1957,ensu,2,4
1958,medicin,1,7
1959,altwing,1,7
1960,perhap,1,6
1961,gloriou,3,7
1962,captain,1,7
1963,ulyss,1,5
1964,dometh,1,6
1965,befalln,1,7
1966,permi,1,5
1967,teach,3,5
1968,hangd,2,5
1969,damn,1,4
1970,dust,1,4
1971,crept,1,5
1972,neri,1,4
1973,asdeemd,1,7
1974,split,1,5
1975,alreadi,1,7
1976,polixen,1,7
1977,end,6,3
1978,doctor,4,6
1979,goodman,1,7
1980,humour,2,6
1981,helen,3,5
1982,frosti,2,6
1983,periliu,1,7
1984,britti,1,6
1985,griev,2,5
1986,top,1,3
1987,fanni,1,5
1988,there,15,5
1989,unvil,1,5
1990,unlov,2,5
1991,stuff,1,5
1992,clap,1,4
1993,preced,1,6
1994,balthasar,1,9
1995,spake,2,5
1996,cool,1,4
1997,comest,1,6
1998,cherubidl,1,9
1999,suppos,1,6
2000,gave,2,4
2001,wonderd,1,7
2002,success,1,7
2003,ravish,2,6
2004,purg,1,4
2005,backward,1,8
2006,penni,2,5
2007,lose,9,4
2008,base,8,4
2009,orb,1,3
2010,henceforth,2,10
2011,fooder,1,6
2012,lock,1,4
2013,term,1,4
2014,fort,3,4
2015,dolabella,1,9
2016,obscur,2,6
2017,hostess,2,7
2018,fat,1,3
2019,mritag,1,6
2020,emblac,1,6
2021,weep,4,4
2022,stale,1,5
2023,dower,1,5
2024,pictu,1,5
2025,gower,1,5
2026,sere,1,4
2027,tabour,1,6
2028,report,5,6
2029,snay,1,4
2030,present,14,7
2031,lockd,1,5
2032,destroy,1,7
2033,thereof,2,7
2034,hid,1,3
2035,tardi,1,5
2036,ere,11,3
2037,unliv,1,5
2038,mountain,5,8
2039,full,10,4
2040,tear,2,4
2041,oonzalo,1,7
2042,sat,2,3
2043,capulet,2,7
2044,confin,2,6
2045,sake,3,4
2046,barbar,2,6
2047,horseman,1,8
2048,tox,1,3
2049,red,1,3
2050,burgundi,1,8
2051,manner,2,6
2052,stiff,1,5
2053,margaret,10,8
2054,stubborn,1,8
2055,inlaw,1,5
2056,war,9,3
2057,peopl,7,5
2058,errlight,1,8
2059,lead,3,4
2060,coron,1,5
2061,pictur,1,6
2062,volscou,1,7
2063,graciou,3,7
2064,luen,1,4
2065,befriend,1,8
2066,ancestor,2,8
2067,antoni,18,6
2068,rax,1,3
2069,reserv,1,6
2070,billow,1,6
2071,wherein,1,7
2072,staind,2,6
2073,vein,4,4
2074,hurri,1,5
2075,disdain,1,7
2076,set,10,3
2077,delic,1,5
2078,ventur,1,6
2079,sharp,1,5
2080,fierc,2,5
2081,act,3,3
2082,ammit,1,5
2083,wight,1,5
2084,martial,1,7
2085,biron,2,5
2086,bock,1,4
2087,gaze,1,4
2088,foolish,3,7
2089,didst,4,5
2090,olland,1,6
2091,macbeth,9,7
2092,triumph,1,7
2093,isabella,2,8
2094,prosper,1,7
2095,fell,3,4
2096,sightth,1,7
2097,meed,2,4
2098,raven,1,5
2099,execut,5,6
2100,flier,1,5
2101,painless,1,8
2102,given,3,5
2103,siana,1,5
2104,inch,1,4
2105,rich,5,4
2106,finger,2,6
2107,take,36,4
2108,sword,10,5
2109,return,3,6
2110,sigh,4,4
2111,soonman,1,7
2112,vineg,1,5
2113,disobd,1,6
2114,entreat,6,7
2115,treason,2,7
2116,power,14,5
2117,bag,1,3
2118,shoulder,2,8
2119,remedi,2,6
2120,bekon,1,5
2121,colder,1,6
2122,amen,2,4
2123,wind,6,4
2124,william,1,7
2125,cheek,3,5
2126,palm,1,4
2127,girland,1,7
2128,shylock,1,7
2129,kin,1,3
2130,thank,3,5
2131,taken,1,5
2132,scorn,3,5
2133,burn,2,4
2134,taperboard,1,10
2135,saw,9,3
2136,misl,1,4
2137,keeper,1,6
2138,claughterd,1,10
2139,shell,1,5
2140,threaten,4,8
2141,shall,92,5
2142,downlight,1,9
2143,majesti,5,7
2144,sweetli,3,7
2145,advantag,3,8
2146,afre,1,4
2147,refus,1,5
2148,count,1,5
2149,where,3,5
2150,cain,1,4
2151,voman,1,5
2152,beard,2,5
2153,unsam,1,5
2154,train,1,5
2155,eat,9,3
2156,seepant,1,7
2157,receiv,3,6
2158,dagger,1,6
2159,stayd,6,5
2160,call,19,4
2161,elvina,1,6
2162,money,2,5
2163,distribut,1,9
2164,ruudership,1,10
2165,direct,1,6
2166,bull,1,4
2167,cirrolu,1,7
2168,desdemona,2,9
2169,mock,1,4
2170,tediou,2,6
2171,toosuffolk,1,10
2172,moon,2,4
2173,rememb,3,6
2174,invent,1,6
2175,father,23,6
2176,aufidiu,1,7
2177,rack,1,4
2178,daughter,16,8
2179,joan,1,4
2180,fliest,1,6
2181,claimd,1,6
2182,consequ,2,7
2183,ulconceiv,1,9
2184,noblest,1,7
2185,pride,4,5
2186,often,3,5
2187,sequel,1,6
2188,growth,1,6
2189,earnest,2,7
2190,blest,1,5
2191,manag,2,5
2192,intend,1,6
2193,govern,1,6
2194,cure,2,4
2195,scape,1,5
2196,cambrak,1,7
2197,scornd,1,6
2198,deraim,1,6
2199,sleep,6,5
2200,dream,5,5
2201,eslac,1,5
2202,ainel,1,5
2203,mischief,3,8
2204,rosalind,7,8
2205,write,6,5
2206,infant,2,6
2207,gone,14,4
2208,writer,1,6
2209,wirld,1,5
2210,cuckold,1,7
2211,horatio,5,7
2212,spoil,1,5
2213,safeti,3,6
2214,dreamd,1,6
2215,loss,7,4
2216,harmless,1,8
2217,alway,1,5
2218,sabbar,1,6
2219,never,17,5
2220,cheer,1,5
2221,credit,1,6
2222,busi,6,4
2223,loud,4,4
2224,bandibl,1,7
2225,liberti,2,7
2226,henceforward,1,12
2227,porrest,1,7
2228,smoke,1,5
2229,cleap,1,5
2230,peasi,1,5
2231,bark,1,4
2232,edgar,4,5
2233,household,3,9
2234,excus,3,5
2235,atch,1,4
2236,till,15,4
2237,rag,1,3
2238,butt,1,4
2239,ungrac,1,6
2240,passion,5,7
2241,morsel,1,6
2242,predect,1,7
2243,farewel,5,7
2244,timewrit,1,8
2245,froze,1,5
2246,exhibit,2,7
2247,rais,1,4
2248,honour,23,6
2249,strang,4,6
2250,look,23,4
2251,shrill,1,6
2252,banquet,2,7
2253,thinkest,1,8
2254,threw,1,5
2255,glendow,1,7
2256,meet,5,4
2257,nichola,1,7
2258,hamper,1,6
2259,meaner,1,6
2260,dolour,1,6
2261,uneven,1,6
2262,loath,2,5
2263,selfbreath,1,10
2264,devis,1,5
2265,wherefor,6,8
2266,anmonio,1,7
2267,grecian,1,7
2268,parol,1,5
2269,slew,2,4
2270,doth,25,4
2271,distrust,1,8
2272,wildri,1,6
2273,island,3,6
2274,ring,3,4
2275,king,64,4
2276,aspect,1,6
2277,offend,2,6
2278,fumbl,1,5
2279,esembl,1,6
2280,pleasur,4,7
2281,fish,1,4
2282,revolt,3,6
2283,sacrament,1,9
2284,geld,1,4
2285,point,8,5
2286,iv,1,2
2287,averch,1,6
2288,costard,1,7
2289,toil,1,4
2290,number,3,6
2291,justic,3,6
2292,traitor,3,7
2293,northumberland,1,14
2294,halt,1,4
2295,seiz,2,4
2296,stem,1,4
2297,wonder,6,6
2298,eer,1,3
2299,purpos,9,6
2300,consul,1,6
2301,climb,1,5
2302,brave,4,5
2303,store,1,5
2304,tritor,1,6
2305,dougla,3,6
2306,thickest,1,8
2307,tender,3,6
2308,merci,4,5
2309,search,1,6
2310,tellest,1,7
2311,famou,2,5
2312,conjur,1,6
2313,oerpeach,1,8
2314,invit,1,5
2315,distanc,1,7
2316,est,1,3
2317,repos,2,5
2318,hill,2,4
2319,contemptur,1,10
2320,bold,1,4
2321,die,15,3
2322,followo,1,7
2323,dew,1,3
2324,hang,4,4
2325,deliver,1,7
2326,readi,4,5
2327,wleth,1,5
2328,six,2,3
2329,falsehood,2,9
2330,anoint,1,6
2331,lackd,1,5
2332,grass,1,5
2333,night,7,5
2334,sign,2,4
2335,fluellen,2,8
2336,quarrel,2,7
2337,foreign,1,7
2338,othello,4,7
2339,due,2,3
2340,certain,3,7
2341,kinder,1,6
2342,fantasi,1,7
2343,toward,2,6
2344,thyself,4,7
2345,suffic,1,6
2346,beat,3,4
2347,parliament,2,10
2348,decus,1,5
2349,omnon,1,5
2350,hum,1,3
2351,impud,1,5
2352,decre,2,5
2353,whosor,1,6
2354,flaviu,1,6
2355,timon,6,5
2356,frenchman,1,9
2357,virtu,3,5
2358,beatric,4,7
2359,watch,3,5
2360,borrow,1,6
2361,copili,1,6
2362,weepd,1,5
2363,napl,2,4
2364,witchcraft,2,10
2365,awak,1,4
2366,sesnect,1,7
2367,gie,1,3
2368,hour,8,4
2369,holofern,1,8
2370,willoughbi,1,10
2371,shoy,1,4
2372,ever,20,4
2373,throw,4,5
2374,liest,1,5
2375,ay,18,2
2376,presum,1,6
2377,hew,2,3
2378,sister,9,6
2379,keep,11,4
2380,learn,3,5
2381,enough,10,6
2382,touchest,1,8
2383,digest,1,6
2384,titu,5,4
2385,ann,10,3
2386,conspect,1,8
2387,came,12,4
2388,condemnd,2,8
2389,solon,1,5
2390,sting,1,5
2391,forsak,1,6
2392,em,3,2
2393,speakst,1,7
2394,offerd,1,6
2395,crest,1,5
2396,lovest,1,6
2397,abat,3,4
2398,sirrah,6,6
2399,sway,2,4
2400,expureacold,1,11
2401,resort,1,6
2402,ho,2,2
2403,brief,1,5
2404,barren,2,6
2405,gabe,1,4
2406,patch,2,5
2407,weaker,1,6
2408,gait,1,4
2409,upid,1,4
2410,wull,1,4
2411,witch,1,5
2412,pen,1,3
2413,thrice,1,6
2414,street,3,6
2415,pursu,3,5
2416,plainli,1,7
2417,scrupl,1,6
2418,quit,2,4
2419,thrumbl,1,7
2420,scrand,1,6
2421,alack,2,5
2422,done,16,4
2423,pound,1,5
2424,least,3,5
2425,plight,1,6
2426,ratcliff,1,8
2427,ripe,1,4
2428,silenc,2,6
2429,wrath,2,5
2430,seemeth,1,7
2431,seagood,1,7
2432,bondmack,1,8
2433,tonight,6,7
2434,blast,1,5
2435,guilti,5,6
2436,bottom,1,6
2437,richard,5,7
2438,cleft,1,5
2439,gludg,1,5
2440,flesh,5,5
2441,do,1,2
2442,midwif,1,6
2443,nobl,16,4
2444,nine,1,4
2445,wooer,1,5
2446,deliverd,1,8
2447,quick,2,5
2448,rise,1,4
2449,ye,7,2
2450,fresh,3,5
2451,conspir,2,7
2452,resolv,2,6
2453,guardman,1,8
2454,undo,2,4
2455,smile,5,5
2456,torturi,1,7
2457,come,59,4
2458,belli,2,5
2459,ala,6,3
2460,beauti,8,6
2461,leader,1,6
2462,shrieti,1,7
2463,tip,1,3
2464,suarp,1,5
2465,displeasur,1,10
2466,mettl,1,5
2467,slumber,1,7
2468,begottingo,1,10
2469,abject,1,6
2470,trade,1,5
2471,ten,1,3
2472,inct,1,4
2473,elder,2,5
2474,hector,2,6
2475,make,55,4
2476,feast,4,5
2477,pleas,7,5
2478,wolsey,1,6
2479,entir,1,5
2480,sportifi,1,8
2481,epithant,1,8
2482,coxcomb,1,7
2483,fight,5,5
2484,boatswain,1,9
2485,palfag,1,6
2486,albani,4,6
2487,turn,11,4
2488,sing,3,4
2489,hack,1,4
2490,chiefest,1,8
2491,hale,1,4
2492,object,2,6
2493,arriv,1,5
2494,dostard,1,7
2495,who,4,3
2496,skill,1,5
2497,word,14,4
2498,thu,19,3
2499,gather,2,6
2500,hive,1,4
2501,like,36,4
2502,horn,1,4
2503,selfbeheld,1,10
2504,philou,1,6
2505,substanc,3,8
2506,affright,2,8
2507,french,2,6
2508,ladi,22,4
2509,nation,2,6
2510,trash,1,5
2511,forbid,2,6
2512,browli,1,6
2513,pluck,6,5
2514,wrong,5,5
2515,sener,1,5
2516,thouldst,1,8
2517,sorri,2,5
2518,counsel,2,7
2519,entertain,7,9
2520,ist,1,3
2521,breathur,1,8
2522,chamber,8,7
2523,serv,4,4
2524,whereov,1,7
2525,prais,12,5
2526,sieg,1,4
2527,camp,1,4
2528,changeabl,1,9
2529,peasantli,1,9
2530,senat,5,5
2531,knave,4,5
2532,control,1,7
2533,sweet,14,5
2534,gallantli,1,9
2535,tune,1,4
2536,narrow,1,6
2537,unfold,1,6
2538,lurk,1,4
2539,spirit,11,6
2540,tarru,1,5
2541,happier,1,7
2542,compar,1,6
2543,heart,28,5
2544,flive,1,5
2545,age,7,3
2546,yould,1,5
2547,gost,1,4
2548,alexa,1,5
2549,unrunish,1,8
2550,embrac,1,6
2551,iter,1,4
2552,wing,2,4
2553,excel,5,5
2554,faint,2,5
2555,bolderd,1,7
2556,bruiss,1,6
2557,servant,7,7
2558,eye,25,3
2559,twelv,1,5
2560,fall,14,4
2561,dispit,1,6
2562,silviu,1,6
2563,annoy,1,5
2564,goodli,6,6
2565,vexat,1,5
2566,golden,1,6
2567,tomorrow,4,8
2568,hand,31,4
2569,grief,6,5
2570,reveng,6,6
2571,sound,3,5
2572,fepher,1,6
2573,forbear,3,7
2574,kept,2,4
2575,brook,1,5
2576,idol,1,4
2577,chide,1,5
2578,impart,1,6
2579,dispos,1,6
2580,anon,1,4
2581,master,19,6
2582,ambidiu,1,7
2583,coward,1,6
2584,discours,3,8
2585,friendship,1,10
2586,intermi,1,7
2587,juliet,2,6
2588,she,7,3
2589,process,1,7
2590,alcibiad,1,8
2591,rib,1,3
2592,soon,1,4
2593,volum,2,5
2594,vain,1,4
2595,joind,1,5
2596,upright,1,7
2597,guard,4,5
2598,thind,1,5
2599,fanci,3,5
2600,celia,2,5
2601,affect,5,6
2602,mate,1,4
2603,question,1,8
2604,mingl,1,5
2605,string,1,6
2606,cloud,1,5
2607,pari,4,4
2608,binnam,1,6
2609,twill,3,5
2610,gun,1,3
2611,yonder,1,6
2612,forsworn,1,8
2613,unkind,1,6
2614,sleap,1,5
2615,hip,1,3
2616,seaday,1,6
2617,napkin,1,6
2618,fifth,1,5
2619,dispatch,1,8
2620,send,3,4
2621,price,1,5
2622,dozen,1,5
2623,helf,1,4
2624,instrument,2,10
2625,overnend,1,8
2626,freeli,1,6
2627,mile,1,4
2628,duchess,5,7
2629,utter,2,5
2630,heavi,4,5
2631,contemptu,1,9
2632,phrase,1,6
2633,open,5,4
2634,begin,6,5
2635,perform,4,7
2636,leaven,1,6
2637,seldom,1,6
2638,poison,4,6
2639,wellblack,1,9
2640,eyeless,1,7
2641,prelat,1,6
2642,absent,2,6
2643,defeat,1,6
2644,untid,1,5
2645,aenea,2,5
2646,diom,1,4
2647,duch,1,4
2648,last,5,4
2649,appir,1,5
2650,happi,7,5
2651,sooth,1,5
2652,bedick,1,6
2653,shallow,6,7
2654,twenti,3,6
2655,nun,1,3
2656,advic,2,5
2657,mayst,1,5
2658,forc,2,4
2659,asleep,1,6
2660,read,4,4
2661,particular,1,10
2662,mischanc,1,8
2663,milk,1,4
2664,flatter,2,7
2665,syracus,2,7
2666,harmborn,1,8
2667,blue,2,4
2668,whither,4,7
2669,struck,5,6
2670,knowest,1,7
2671,sickli,1,6
2672,time,23,4
2673,howsoeer,1,8
2674,lunaci,1,6
2675,fought,4,6
2676,know,38,4
2677,guideriu,1,8
2678,whoreson,1,8
2679,heaven,21,6
2680,jester,1,6
2681,well,56,4
2682,icfortun,1,8
2683,unto,5,4
2684,conquest,1,8
2685,antipholu,3,9
2686,hero,3,4
2687,rite,1,4
2688,ruther,1,6
2689,expir,2,5
2690,away,5,4
2691,creatur,4,7
2692,lion,1,4
2693,low,1,3
2694,moder,1,5
2695,cnrimon,1,7
2696,stave,1,5
2697,warn,1,4
2698,spurnd,1,6
2699,varron,1,6
2700,bounti,2,6
2701,offenc,4,6
2702,inu,1,3
2703,lovel,2,5
2704,diseas,2,6
2705,wick,2,4
2706,boyet,1,5
2707,higher,1,6
2708,apparit,1,7
2709,maria,1,5
2710,clock,2,5
2711,butli,1,5
2712,talk,6,4
2713,renew,1,5
2714,idar,1,4
2715,corrupt,2,7
2716,helicanu,1,8
2717,myill,1,5
2718,told,5,4
2719,flatterd,1,8
2720,breedingri,1,10
2721,unthank,1,7
2722,bassianu,1,8
2723,strong,2,6
2724,fastst,1,6
2725,flung,1,5
2726,caiu,4,4
2727,wemper,1,6
2728,mind,6,4
2729,qualiti,1,7
2730,dip,1,3
2731,enam,1,4
2732,mercutio,3,8
2733,vouchsaf,3,8
2734,wot,1,3
2735,perdita,1,7
2736,captiv,1,6
2737,construct,1,9
2738,morrow,4,6
2739,possessd,4,8
2740,patienc,4,7
2741,lustr,3,5
2742,san,1,3
2743,peddur,1,6
2744,wax,2,3
2745,commiss,1,7
2746,mani,13,4
2747,theme,1,5
2748,franc,9,5
2749,petruchio,4,9
2750,evil,2,4
2751,hous,11,4
2752,express,2,7
2753,frozen,1,6
2754,went,2,4
2755,shrum,1,5
2756,remain,2,6
2757,guil,1,4
2758,sensual,1,7
2759,hermia,1,6
2760,cromwel,1,7
2761,juliu,2,5
2762,behold,4,6
2763,except,2,6
2764,nought,2,6
2765,dinner,3,6
2766,dri,2,3
2767,prate,1,5
2768,found,6,5
2769,tarsu,1,5
2770,follow,10,6
2771,disprezag,1,9
2772,heavenli,2,8
2773,eild,1,4
2774,crownheart,1,10
2775,abroad,1,6
2776,swift,2,5
2777,chid,3,4
2778,ride,1,4
2779,hypous,1,6
2780,bupti,1,5
2781,paragon,1,7
2782,malic,1,5
2783,arder,1,5
2784,rob,1,3
2785,fraught,1,7
2786,wealth,2,6
2787,restor,1,6
2788,thought,18,7
2789,go,45,2
2790,id,1,2
2791,degre,2,5
2792,deciu,1,5
2793,disjack,1,7
2794,outlaw,2,6
2795,poster,1,6
2796,dat,1,3
2797,ferend,1,6
2798,pair,1,4
2799,deliber,1,7
2800,oppos,1,5
2801,kind,6,4
2802,steep,1,5
2803,caret,1,5
2804,london,2,6
2805,littl,12,5
2806,murmur,1,6
2807,ambassador,3,10
2808,resolut,1,7
2809,home,3,4
2810,hurder,1,6
2811,contract,2,8
2812,houdli,1,6
2813,iron,1,4
2814,youll,4,5
2815,speed,7,5
2816,enterpris,1,9
2817,arrest,1,6
2818,oath,3,4
2819,easi,1,4
2820,vincentio,9,9
2821,stood,2,5
2822,glass,2,5
2823,sweat,1,5
2824,seed,1,4
2825,discharg,2,8
2826,proud,8,5
2827,that,8,4
2828,right,8,5
2829,sovereign,5,9
2830,minist,1,6
2831,wolcest,1,7
2832,devil,2,5
2833,embur,1,5
2834,puissant,1,8
2835,coriolanu,8,9
2836,truli,4,5
2837,meat,1,4
2838,account,1,7
2839,wager,1,5
2840,laughest,1,8
2841,eed,1,3
